step,rows_before,rows_removed,rows_after,pct_removed,value_removed_gbp,reason
0. Raw data loaded,1067371,0,1067371,0.0,0.0,Both Excel sheets (Dec-2009 to Dec-2011) combined.
1. Standardise product names & countries,1067371,0,1067371,0.0,0.0,"One name per StockCode (most frequent spelling); EIRE -> Ireland, RSA -> South Africa, etc. Done first so that duplicates differing only in spelling are caught in step 2."
2. Remove exact duplicate rows,1067371,34337,1033034,3.22,432268.72,"Same invoice, product, time, quantity and price recorded twice - would double-count revenue."
3. Remove non-product lines,1033034,5870,1027164,0.57,-71354.97,"Postage, Amazon fees, bank charges, manual adjustments, bad-debt write-offs, test items and gift vouchers are not merchandise sales."
4. Remove zero / negative prices,1027164,5956,1021208,0.58,0.0,"Price <= 0 lines are damaged / lost / given-away stock movements, not customer purchases."
5. Remove stock adjustments,1021208,0,1021208,0.0,0.0,"Safety net: a normal invoice (not 'C') with quantity <= 0 is an inventory correction. In this dataset step 4 already catches all of them, so 0 rows is expected."
6. Remove reversed bulk orders,1021208,85,1021123,0.01,33244.52,"Orders of >= 1,000 units cancelled in full by the same customer (data-entry mistakes such as 80,995 x paper craft)."
7. Split sales vs returns,1021123,0,1021123,0.0,0.0,"1,003,248 sales lines and 17,875 return lines ('C' invoices). Returns are kept separately for return-rate analysis."
8. Flag missing Customer ID (kept),1003248,0,1003248,0.0,0.0,"226,717 sales lines (22.6%) have no Customer ID. Kept for revenue and product analysis, excluded only from customer analysis (RFM, cohorts)."
